Nombres equipos,Precios
Samsung Galaxy A03S 64GB Negro,$53.999
Celular Motorola Edge 30 128GB Plata Ópalo,$129.999
Celular Samsung Galaxy A13 128GB Negro,$72.999
Celular Motorola G22 128GB Celeste,$60.999
Celular Motorola E20 32GB Gris,$37.999
Celular TCL 30E 64GB Space Gray,$38.999
"Celular Quantum Q-Rash 6"" 32GB Negro",$32.999
Celular Zte Blade V30 Vita 128GB Gris,$52.999
Celular Samsung Galaxy S21 FE 5G 128 GB Negro,$209.999
Celular Motorola G42 128GB Verde Atlántico,$71.999
Celular Noblex A50+ 32GB Negro,$27.499
Celular Samsung Galaxy Z FOLD3 5G 256GB Negro,$379.999
Celular Samsung Z Flip4 128 GB Negro,$261.999
Samsung Galaxy A33 5g 128 Gb Blue 6 Gb Ram SMA336MLBAR,$124.999
Celular Samsung Galaxy M13 4GB RAM 128GB Light Blue,$79.999
Celular Quantum QRASH 4G Octa-Core 32GB Rojo,$41.249
Celular Quantum Q-test 4G Octa-Core 32GB Violeta,$36.249
Celular Libre Sansei S191 4MB Negro,$7.499
Celular Samsung Galaxy A13 128GB Negro,$72.999
Celular Samsung Galaxy A13 64GB Negro,$60.999
Celular Motorola G41 128GB Negro Onix,$61.999
Celular Motorola E20 32GB Gris,$37.999
Celular Motorola G42 128GB Verde Atlántico,$71.999
Samsung Galaxy A03S 64GB Negro,$53.999
Celular TCL 30SE 128GB Gris,$43.999
Celular Motorola G41 128GB Dorado,$61.999
Celular Motorola Edge 30 Neo Very Peri 128 GB Violeta,$119.999
Celular Motorola G42 128GB Rosa Metálico,$71.999
Celular Motorola G22 128GB Celeste,$60.999
Celular Samsung Galaxy A23 128GB Negro,$97.999
Celular Motorola G22 128GB Negro,$60.999
Celular Motorola E40 64 GB Gris,$52.999
Celular Samsung Galaxy A33 128GB Negro,$124.999
